barcode,count
GAGACGGACGTTTGTT,23054
TGAGCGAATGTGTATG,4796
GCTTACTCGTTCTCTA,4386
GAGCAGTAATCCCGAA,4241
AGTACAGCAGAACGGC,4052
CATTGATTAGAGAAAG,3851
ATCATAATCACAGGGT,3770
CCAAAACGCCAACTTT,3620
ACTTAGTTTAATCATT,3429
GATCTATTGACAGAAT,3404
AATTCCTCTACCATAT,3400
CTGCATCGAAGCGCGC,2565
CGCTGAGATCTACTGG,2563
TATTTAAATAATTCAA,2554
CGGCTAACGCACTGCC,2539
CATGAAGTGGTTGCCG,2447
TCACTGCCTACTTACA,2443
ATGGGCTGACCGTCGC,2434
GACATTCTGGCACAAG,2406
TGTTATCCAGTGACTG,2367
TGCTGCGATGTGACTA,2345
CCCGACATTGAGACGT,2338
TTGCTGACGAACTCAG,2314
CAAGTCATGGAGAAGA,2295
GACTTCACATACCCAA,2280
CTGACTCTTTCCACCG,2270
GAGTCCCAGCTCATTG,2265
GGGCCACGTTATACAA,2240
TCCACTAATGCCATTC,2221
CCAGACCGAGGAGAGA,2195
GTTCTCCTAATCACGT,2187
CAGTTCAACTCACAGA,2178
TGCTGTACTTAAACAG,2174
TGTAAGGACCTGACAT,2163
TACGACCGAATAATCG,2156
AAACCGTCATTTCACA,2149
TAAGGGAAGCATACTA,2137
TTACATATCGTCATTC,2132
CGTGAAACCACTAACT,2120
CTAGTGTGAAACGTAA,2108
TGCGGGTGGAGTTTCA,2090
TAGTCCGGATATAGGA,2070
TAAGACCGACCGAAAA,2061
CTTGAACCAAGTCCTA,2059
CGTAGTCGCCAAAAAG,2058
AGCATACACAAATAGA,2037
CAAATTACGCAGACAA,2026
AGCAATCTAGATTTGG,2022
TTTCGAATAATGCACT,2015
ATTTCCTTTCACTTGC,2014
TCACGAATAAAGATAG,2011
AAACTATAAGACGTGG,2006
TTTGTGCAGCAATCTT,2001
TAACTCTTCAACAGCA,1983
TTGTCACTGCAGAGCT,1981
AAGATATACCCGTCCT,1976
CTTGTCAGAAGAATCT,1973
GGAGAATTGGAGGATA,1973
CAATTAGATCCATCAT,1968
CATCAGCGAAAAAACC,1956
GAAGTACATACTAACA,1954
ACGTTAATGAAAACCT,1953
CAAAGCGCATTTAATC,1951
GGTACCAGAACAAAGA,1951
ACTCATCGGACATTAA,1948
CCTCTTGATTAACTTG,1947
TAAAGGGATCAACAAA,1944
TCATCATCTTGTGCCG,1942
ATCACACTCCCCTTTA,1927
AAACGATACTCATAAC,1925
AAACCGCGCGTTCAAA,1922
ACCTTACCTTCGGATT,1921
TTTCGCTTGCCAGCGT,1918
AAATTGCGAGGACTAT,1905
AATGCGACAAATCTTC,1897
CCTCGATGAAAGAACT,1887
AGTGGACAAAGTAAAT,1885
CTTCATTACGCCTTTT,1885
TTGGACCATACTAAAT,1882
ACCATAGACCCCAATA,1879
TGTCGACTTTAAGGTT,1879
ATCTATCAAGTCAAAC,1878
ACTTAGGTAAATCAGA,1876
AATAACCTTCGCCATA,1852
TGCCGATGAGGAAAAA,1848
CTTATCACCAGAGTTA,1843
ACCTCAATATTCTTAG,1836
GCAAAAAAACCGCAAT,1825
CGAAAGTGTATACAAT,1821
AGTTCAAGGAATATAA,1811
ACGCTCTTGTTAATAA,1810
GAATTAATGTCACAAC,1807
ACTCTACACATAAACC,1798
GGAGCCCGGGAAGTCT,1794
TTTACGCTTATCAAAA,1783
CACTGAAAATATTTGT,1778
ATAAGGTTTGATCTCC,1768
AAAATAACCCTACTGC,1755
AATCTAATTCTGGACT,1753
TGATAGGAAACTTAAA,1749
TATCAAGTCCTACAAC,1745
GATTAACTGTTATGTT,1744
TAATGAAAATCAAGAA,1744
AAATACAGGCCAGTAA,1738
ACGCTACAAAAAATTG,1738
CTCTTCAACGGAAAAT,1731
ATTTAAATCTAAGCCA,1729
AAATATATCAGGTTCA,1709
ACAATCACCCCGGTTT,1682
CCCACACTCCAAAAAT,1677
TACGTTCAAATATAAT,1664
AAAAGACATACATAAT,1647
TCTGAAACATCTGTCG,1646
ATACAACTTTATCTAC,1627
TTTAAGTAAACCTTAA,1619
CGTACCTACTAAAAAA,1611
CTTAGAATATAGTATA,1584
AAATTTCTCGGGTAAA,1570
GAAAGCAAATATTTAA,1556
TTTAAGTCTGGGTTTT,1513
ACTGAAGCCTAAACAA,1467
GACAATATTATCTCTC,1393
ATGTGGAAAAAAAAAT,1366
AGGATTCATTACAGAC,1291
TAGAAAAAGTTTAATT,1016
TCCATCTTATAATCTC,853
CTCTCCCTAGGTTTTA,706
TCCTTAATATGAACCG,267
CAACATGTAGAACATA,191
CATGGCGTTTACACTA,43
ATATAGACAGGTGACC,39
CAATTTCAACCGCAAA,38
CGTGGCGTTTCCACTA,28
CGTGGCGTTCACACTA,25
ATATAGACACGCGACC,21
ATCTAGACACGTGACC,19
ATATAGACACGTGACT,18
ATGTAGACACGTGACC,17
CTATAGACACGTGACC,17
GCGATTCATGCGTTGG,17
ACATAGACACGTGACC,14
CGTGGCGTTGACACTA,14
GCGATTCACCCGTTGG,14
GCGCTTCACGCGTTGG,14
GTATAGACACGTGACC,14
GCGATTTACGCGTTGG,13
ATATAGACACATGACC,12
CGTGGCGTCTACACTA,12
ATATAGACACGTAACC,11
ATATAGACATGTGACC,11
CGTGGCGTTTACACTG,11
CGTGGTGTTTACACTA,11
GCGATTCACGCATTGG,11
ATACAGACACGTGACC,10
ATATAGACACGTGGCC,10
ATATAGGCACGTGACC,10
CGCGGCGTTTACACTA,10
CGTGGCGTTTACACTC,10
ATATAGACACGTGACA,9
ATATAGACACGTGATC,9
ATATGGACACGTGACC,9
GCGACTCACGCGTTGG,9
GCGATTCACGCGTTGT,9
ATATAGACACATAACC,8
ATATAGACCCGTGACC,8
CGTGGCGTTTATACTA,8
CGTGGCGTTTGCACTA,8
GCGATTCACGTGTTGG,8
ACGATTCACGCGTTGG,7
ATATAAACACGTGACC,7
ATATAGATACGTGACC,7
ATATCGACACGTGACC,7
CGTGGCGTTTACACCA,7
GCGATTCACGCGTCGG,7
TGTGGCGTTTACACTA,7
TTATAGACACGTGACC,7
ATATAGACACGTGCCC,6
ATATAGACGCGTGACC,6
CGTAGCGTTTACACTA,6
GCGATCCACGCGTTGG,6
GCGATTCACGCGCTGG,6
GCGATTCCCGCGTTGG,6
AAGACGGACGTTTGTT,5
CGTGGCGTTTACATTA,5
GCAATTCACGCGTTGG,5
GCGATTCACGCGTTGA,5
AATCATGACACAGAAT,4
ATAAAGACACGTGACC,4
ATATAGAGACGTGACC,4
ATATAGCCACGTGACC,4
CGTGACGTTTACACTA,4
CGTGGCGCTTACACTA,4
CGTGGCGTTTACCCTA,4
GAGACGGACGTCTGTT,4
GCGATTCACGCGTTAG,4
GCGATTCGCGCGTTGG,4
GCGGTTCACGCGTTGG,4
GTGATTCACGCGTTGG,4
TCGATTCACGCGTTGG,4
AATCATGACACAGAGG,3
AATCTCATTCTGGACT,3
ACATACTAAATTACAG,3
ACATATTGAATTACAG,3
ACCTCCATATTCTTAG,3
ATTAAGACCCTTCGTT,3
CACTTGCCCGCCAAAG,3
CAGCCAATACGAACCT,3
CGTGGCGTTTACACTT,3
CGTGGCGTTTACGCTA,3
GAGACGGACCTTTGTT,3
GATGACTACTATCTAG,3
GCAATACAAACAACTA,3
GCCGACCAGGCTCATG,3
GCGATTCACACGTTGG,3
GCGATTCACGCGTAGA,3
GCGATTCACGCGTTGC,3
GGAATAACAAACGGTC,3
GTGAGACCTGCCTCAT,3
GTTATTCGGCACAACA,3
TAAGACATTGGCCACG,3
TCCGTTCAAATATAAT,3
TCGGATCGACTTGACC,3
TCTGGGCCCGTACAAG,3
TTCCATATGCCCCTAA,3
AAAACTGGCCATAAAA,2
AAACCGCGCGTTCAAT,2
AAAGGTGAATAGATCG,2
AAATAACAACAACATC,2
AAATACAGGGCAGTAA,2
AAATAGCTGACCGAGG,2
AAATTTCTTGGGTAAA,2
AACGGATCAATGCCAT,2
AACGTGTCGAGTACAA,2
AAGCCGTCATTTCACA,2
AAGGCTTAAATTTACA,2
AAGTTGCTAGGGCGGA,2
AATGGATCAACGCCAT,2
AATTCCTCTGCCATAT,2
ACAAAACTTGACAACC,2
ACACACCAAGCCATCT,2
ACAGCTAAAGAGGCCG,2
ACCACACTAGTGACCT,2
ACCACACTAGTGACTA,2
ACCACACTAGTGGCTT,2
ACCATAGACCCCAACA,2
ACCCAGACACTTATCA,2
ACCCCAATGGAACCCG,2
ACCCGGACACTTATCG,2
ACCTTACCTTCGGATC,2
ACGCCCCCACCATCCC,2
ACGCTCTTGGTAATAA,2
ACGTTGCTAGGGCAGA,2
ACTTAGGTAGATCAGA,2
ACTTAGTTTCATCATT,2
ACTTCCTCACCTTATG,2
AGATCCCTTGGAAGAG,2
AGATTTCTCGGGTAAA,2
AGCAATCTAGATTTGT,2
AGCTAATCTGAGTAAA,2
AGGGCGCCTCGAGGCG,2
AGGTAAATAAACCATT,2
AGTACAAGGAATATAA,2
AGTCACCAAGCTACTA,2
AGTGAAAGGGGAGAGA,2
AGTTCAAGGGATATAA,2
ATAACTGCTAACGGCG,2
ATAACTGCTAATGGCA,2
ATATAGACACGTGAAC,2
ATATAGACACGTGTCC,2
ATATAGACACGTTACC,2
ATATAGACACTTGACC,2
ATCAAACTTGTACTCA,2
ATCAACCTTGTACCCA,2
ATCACACTCCCCTTTC,2
ATCACACTTCCCTTTA,2
ATCCCACTCCCCTTTA,2
ATCGATCTGGGCTAAC,2
ATCTAGACACGTGCCC,2
ATGATGCCAAAACTTA,2
ATGGGCTGAGCGTCGC,2
ATGTCCTTCATATCCT,2
ATGTGGAAAGAAAAAT,2
ATTCCTTCAATTACCC,2
ATTTAAATCTCAGCCA,2
ATTTAAGTCTAAGCCA,2
ATTTCATGCGCACAAA,2
ATTTCATGCGTGCAAA,2
CAAAACCACAAGAAAT,2
CAACTTCTCATAAATT,2
CAAGCGATTCGCTCAA,2
CAATCCATGCAATACC,2
CAATCTTTCTACTCCG,2
CAATGACCCAACACTA,2
CAATGTTGGGCTTGAA,2
CACCACAAATCACCAT,2
CACGACACGGCTAATA,2
CACGGATCAACGCCAT,2
CAGAAGACCCGCACAA,2
CAGAAGCAAGCCGAAG,2
CAGAGAAAAACCAAAG,2
CAGATCAGACTTATCT,2
CAGATGAGGTTTAGTC,2
CAGCTAAATCAAAAAC,2
CAGTAGCTAGTATTAG,2
CAGTCGACAGACAGTA,2
CATAATAAATATCGAA,2
CATCTCCATATAGTCT,2
CATGAAGTGGCTGCCG,2
CCAATTTCTACTATAA,2
CCCAAAGGGGAAAGAT,2
CCCTCTCGAATGACTA,2
CCCTTACCTTCGGATT,2
CCTCCCACCCATGACC,2
CCTCCCACCCCTGAAC,2
CCTTTCCGTACAAGTA,2
CGAAATAACGACCATA,2
CGACTGTAAGTACACC,2
CGAGGCGTTTACACTA,2
CGCCCAAGTTTGAAGC,2
CGCTGAGATGTACTGG,2
CGTCTATGCGCCCCAA,2
CGTGGCGTATACACTA,2
CGTGGCGTTAACAATA,2
CGTGGCGTTTACACAA,2
CGTGGCTTTTACACTA,2
CGTTTAGATTCGATGT,2
CTACACACATAACGAT,2
CTATTAAAACTACTAG,2
CTCAAATAGCAGGAAA,2
CTCACATGGGCTACGT,2
CTGACTCTTCCCACCG,2
CTGGTGTGAAACGTAA,2
CTTCAGATACTTAGTC,2
GAAAACACCTGTGCGT,2
GAATACCAATGCCTAC,2
GACATTCTGACACAAG,2
GACATTCTGCCACAAG,2
GACATTCTGGCATAAG,2
GACCAACGCGAATTAT,2
GACCACTACCCGTTCC,2
GACTTCACATACCCAT,2
GAGACGGACGTTTATT,2
GAGACGGACGTTTGCT,2
GAGACGGACGTTTGTC,2
GAGATCTTTCTGAATA,2
GAGATTCACGCGTTGG,2
GATCTATTGACGGAAT,2
GCACTAAGTAAGCTTT,2
GCAGGGAAGCTCGAAT,2
GCCATAAACTAGCAAT,2
GCCTTAGATCAAATGC,2
GCCTTGGCAATTGGGT,2
GCGATTCAAGCGTTGG,2
GCGATTCACGCGATGT,2
GCGATTCACGCGTTAT,2
GCGATTCACGCTTTGG,2
GCGATTCACTCGTTGG,2
GCGATTGACGCGTTGG,2
GCTAGGTACGGCTTTT,2
GCTGGATATGACGCTA,2
GCTTACTCGTTTTCTA,2
GCTTCCTCGTTCTCTA,2
GGAGAATTGCAGGATA,2
GGAGCTCGGGAAGTCT,2
GGGACGGACGTTTGTT,2
GGTTAGAAAGTGGCTA,2
GTATGTCAAGGTGCTA,2
GTCGGTGCACAAATTA,2
GTGAGATCTCCCTCAT,2
GTGCTGAATGTTCACC,2
TAAATTCCCACTTAAC,2
TAATGGGACCGCCTCA,2
TACACCGTGGACTCGA,2
TACCCATGGATACAAT,2
TACCCATGGATACGAA,2
TACCCATGGATACGAC,2
TATAACAAATATCGAA,2
TATCAGTTGAGCAAGG,2
TATCTGCATAATCCCG,2
TATGACCTCACAAACC,2
TCAGTGCAAATACTTA,2
TCCCCAACCACACGGC,2
TCTCGTCAGACCGAAA,2
TCTGGGCCCACACAAG,2
TGAAGTGTATGGCACC,2
TGACAATATACGAATA,2
TGCGGGTGGGGTTTCA,2
TGCTGCGATGTGACAA,2
TGTCCCAGTCTATGAT,2
TGTCGATGAGGAAAAA,2
TTAAAAGCACCATGAC,2
TTAAAAGTACCATGAT,2
TTAATCCCTGTCAGTG,2
TTATTACTATCCTCAT,2
TTCAATATAAACCAGT,2
TTGCCGCATAATAAAC,2
TTGGACCATATTAAAT,2
TTGGTCTCAAAAAAAA,2
TTGTCAATGCAGAGCT,2
TTGTCGCATAACAAAC,2
TTTACCACCCACCAGC,2
TTTTAAGCTTACCAGC,2
TTTTTATACGAATTTT,2
AAAAACACCGGTGCGT,1
AAAAACACGTGTGCGT,1
AAAAACCCCTGTGCGT,1
AAAAACGAACGGTTAA,1
AAAAATAAATAGCCTG,1
AAAACAAAAGACAGCA,1
AAAACAACACTAGCCA,1
AAAACAACAGTACCCA,1
AAAACAACCCTTAAAA,1
AAAACAGAAAACAGCA,1
AAAACAGCAGTAGCCA,1
AAAACCTCTGGGGATG,1
AAAACGTCTGAGGATG,1
AAAACTGGCCGTAAAG,1
AAAACTGGCCGTAGAA,1
AAAACTTGCCGTAAAA,1
AAAAGACATACATGAT,1
AAAAGGGATCAACAAA,1
AAAAGTAGCAAAAACA,1
AAAATAACCCTCCTGC,1
AAAATCTCGTTGACAG,1
AAAATTAAAGGCAAAA,1
AAAATTAAATGCTAAA,1
AAAATTAAATGTAAAA,1
AAAATTATATGCAAAA,1
AAACACACCTGTGCGT,1
AAACATCTCATCGAAG,1
AAACATCTCCTGGAAG,1
AAACCAAACACCGGTA,1
AAACCAAACATCAGTA,1
AAACCAAACCCCAGTA,1
AAACCAACCCTCAAAA,1
AAACCACCATGGAAGT,1
AAACCATAGGGATTGG,1
AAACCGCATGTTAAGG,1
AAACCGCATTTCAAGG,1
AAACCGCGCGCTCAAA,1
AAACCGCGTGAAAACA,1
AAACCGCGTTTTAAGG,1
AAACCTGGCCGTAAAA,1
AAACGAAAGAATATTC,1
AAACGATACACATAAC,1
AAACTACTGTCCCAAG,1
AAACTATTGCCCCAAG,1
AAACTATTGGCCCAAG,1
AAACTATTGTCCCAGG,1
AAACTATTGTCCTAAG,1
AAACTATTGTGCCAAG,1
AAACTTTAAGACGTGG,1
AAAGAGAAACACCACA,1
AAAGCGTCTGGGGATG,1
AAAGCTGGCCGTAAAA,1
AAAGGCAAATAGATCG,1
AAAGGGAAGCATACTA,1
AAAGGTAAATAGGTCG,1
AAATAACAAGAAGATC,1
AAATAACTACATCATT,1
AAATAACTGAACGAGG,1
AAATACAGGCCAGTAG,1
AAATACCAAGCACATC,1
AAATAGACACGTGACC,1
AAATAGCTACGGGAAA,1
AAATAGCTAGGGGAAA,1
AAATAGCTGAACGGGG,1
AAATAGCTGGACGAGG,1
AAATATAAAAGATCTC,1
AAATATAAAATATTTC,1
AAATCGAATGAGGCCC,1
AAATCGCACATCCAAT,1
AAATCGCATGAAAACA,1
AAATCGCGTGAAGACA,1
AAATCTATCAGGTTCA,1
AAATGACGGAAGTGAT,1
AAATGATACTCATAAC,1
AAATTAGATCCATCAT,1
AAATTGCGAGGACTGT,1
AAATTGCGAGGGCTAT,1
AAATTGCGTGAAAACA,1
AAATTTCTCCGGTAAA,1
AAATTTCTCGGGTAAT,1
AACAAATCTCACACAG,1
AACAAATCTGACCCAG,1
AACAACCGTTTCCGTC,1
AACAACTGTCTCCGTC,1
AACAACTGTGTCCGTC,1
AACAAGACAATCCTAC,1
AACAAGGCAGTCCTAC,1
AACAATACTCAAAAGA,1
AACACAAAAAACAGCA,1
AACAGACATACATAAT,1
AACAGATCTGACACAG,1
AACAGGACATACAACA,1
AACATACACAAATAGA,1
AACATTACATGATCCC,1
AACCACAAACCACCAT,1
AACCACAAAGCACCAT,1
AACCATCATCTGTCTC,1
AACCCAAACACCAGTA,1
AACCCGACATAACACG,1
AACCCGATAAAACACG,1
AACCCGATAGAACACG,1
AACCCGATATAACGCG,1
AACCCGTCATTTCACA,1
AACCCGTCATTTCACC,1
AACCGATACTCATAAC,1
AACCGCAAATCACCAT,1
AACCGTCACCTGTCTC,1
AACCGTCATCTGTCTA,1
AACCGTCATGTGTCTC,1
AACCTATTGTCCCAAG,1
AACCTCAGGGCTATCT,1
AACCTCTGGCATGCTC,1
AACCTGCAGCAAGCGA,1
AACCTGCAGTAAGTGA,1
AACCTTCAGTAAGCGA,1
AACGAATCTGACACAG,1
AACGATGCCAATATCT,1
AACGGACCAACGCCAT,1
AACGGATCAACACCAT,1
AACGGATCAACGCCAC,1
AACGGATCAACGCTAT,1
AACGGATCAGCGCCAT,1
AACGGATCCACGCCAT,1
AACGGATCTACGCCAT,1
AACGGCCATACCCCAT,1
AACGTGCTTAAGCAAG,1
AACGTGTCGAATACGA,1
AACGTGTCGGATACAA,1
AACGTGTTCACACCAT,1
AACGTGTTTAAGCAAA,1
AACGTGTTTAAGCAAC,1
AACGTGTTTAAGCAGG,1
AACGTGTTTACACCAG,1
AACGTGTTTACGCAAG,1
AACGTGTTTGAGCAAG,1
AACTACGTGCAATGAC,1
AACTATATGCAATGAC,1
AACTATGTGCAACGAC,1
AACTATGTGCAATGAT,1
AACTATGTGTAATGAC,1
AACTATTTCGAGCTTC,1
AACTCTGTGCAATGAC,1
AACTCTTGACTTCATT,1
AACTTCACATACCCAA,1
AAGAAGCCCCGCACAA,1
AAGATATACCCGCCCT,1
AAGATATACCCGTCCC,1
AAGCAACTGACAGAAA,1
AAGCAACTGGTAGAAA,1
AAGCCTCACCACGTCA,1
AAGCTAAACCAAAAAC,1
AAGCTAAATCAAAAGC,1
AAGCTAGATCAAAAAC,1
AAGGAACTTGAATACC,1
AAGGCTTAAATTTATG,1
AAGGCTTAACTTTATA,1
AAGGCTTCAATTTATA,1
AAGGGAAAAAAAGTCA,1
AAGGGAAGAGAAGTCA,1
AAGTAACTGATAGAAA,1
AAGTCGAATAAGGCCC,1
AAGTCTCCCCACGTCA,1
AAGTGCATAATATTAA,1
AAGTGTACAACGTACC,1
AAGTTATATTATATCA,1
AAGTTATGTTACATCA,1
AAGTTGCTAGGGCACA,1
AATAACGCTAGTCTGG,1
AATAATAAAGATGACT,1
AATACTCACAAACTCG,1
AATACTTACGAACTCG,1
AATAGCGTCAACAGCA,1
AATATCCAATATTCAA,1
AATATCTCATATTCAA,1
AATCAGAAGTATACCA,1
AATCCCTCTACCATAT,1
AATCCGATATAACACG,1
AATCCTTGACTTCATT,1
AATCTAAGATAGTAAA,1
AATCTAATTCTGGGCT,1
AATCTCACAACGCTGG,1
AATCTCTGGAATGCTC,1
AATCTGCATCGGTGAC,1
AATCTGCATTGGTAAC,1
AATCTGCATTGTTGAC,1
AATCTTAATGGCTTAA,1
AATGAAACTCTCCTTA,1
AATGAAAGGTGAGAGA,1
AATGAAATCCTCCTTA,1
AATGACATTCTCCTTA,1
AATGCAACAAATCTTC,1
AATGCGACAGATCTTC,1
AATGCTCTATCCACAA,1
AATGCTCTATCCACCT,1
AATGCTCTATCCATCA,1
AATGCTCTGTCCACCA,1
AATGTGTCCATCAACA,1
AATGTGTTTAAGCAAG,1
AATTAACAACATCATT,1
AATTAACTACATCATC,1
AATTAACTGCATCATT,1
AATTAATATTAACAAC,1
AATTATATCACACGAT,1
AATTATTTCGCGCTTC,1
AATTCCTCACCTTATG,1
AATTCCTCTACCACAT,1
AATTCTTGACTTCACT,1
AATTCTTGACTTTATT,1
AATTCTTTCGAGCTTC,1
AATTGACTACATCATT,1
AATTGACTCGCCGGAA,1
AATTTCTCTACCATAT,1
AATTTTGCAGTTATAG,1
AATTTTGCAGTTGTGG,1
ACAAAACGCCAACTTT,1
ACAAAACTTAACACCC,1
ACAAAACTTAGCAACC,1
ACAAACTACCAGGAAT,1
ACAAAGACTCTCATCA,1
ACAAAGACTGTCAGCA,1
ACAAAGAGTACTTTAA,1
ACAACCACCCCGGTTT,1
ACAACGTCTGGGGATG,1
ACAACTTTAAGCAAAA,1
ACAAGTAACATTGGCC,1
ACAAGTGCCAAAATAC,1
ACAATAACCCTACTGC,1
ACAATCACCGCGGTTT,1
ACACACCAACCCATCC,1
ACACACCAACCCTTCT,1
ACACACCAACCTATCT,1
ACACACCGACCCATCT,1
ACACACTAACCCATCT,1
ACACGTATGAAAACAA,1
ACACTTAGAGAGGTAT,1
ACAGCTAAACAAGCCG,1
ACAGCTAAACAGGCCA,1
ACAGCTAAACAGGCTG,1
ACAGCTAGACAGGCCG,1
ACAGTACCAGGACGGT,1
ACAGTACCATGATGGT,1
ACAGTATCATGACGGT,1
ACATACCTCTCAGGCT,1
ACATACTTCCCAGGCT,1
ACATAGACGCGTGACC,1
ACATATATGAAAACAA,1
ACATATTAAATTACGG,1
ACATATTAAATTGCAG,1
ACATATTAACTTACAG,1
ACATCCTTCTCAGGCT,1
ACATCGAATAAGGCCC,1
ACATCGAGTAACCCGC,1
ACATCGAGTGGCCCAA,1
ACATCGCGTAGCCCAA,1
ACATCGGCGCTGTAAC,1
ACATGTATGAAAACCT,1
ACATGTATGAAACCAA,1
ACATGTATGAAAGCAA,1
ACCAAACTTAACACCC,1
ACCAAACTTGTACCCA,1
ACCAAAGGGTAAAGAT,1
ACCAAGAAAGGCGGAC,1
ACCAAGGCAGGCGGAC,1
ACCACGAGATCAGGTA,1
ACCACTTAGAAGAAAA,1
ACCAGCATAGAAGTAT,1
ACCAGGTGACACCTGA,1
ACCAGTGCCAAAATAT,1
ACCATAATCACAGGGT,1
ACCATACTAGTGACTT,1
ACCATCAACTAGCAAT,1
ACCATCTCAAATTATG,1
ACCATGCACAGACGCT,1
ACCATTGCGCTCGTAC,1
ACCCAAACACTTATCG,1
ACCCACTACGGATCCA,1
ACCCAGACACCTATCG,1
ACCCAGACACTTATCC,1
ACCCAGACACTTCTCG,1
ACCCAGACAGTTATCG,1
ACCCCCTACGGGTCCA,1
ACCCCGATATCACACG,1
ACCCCTGACACCAGCC,1
ACCCGTCATCTGTCTC,1
ACCCTAGACCCCAATA,1
ACCGACCAGGTTCATG,1
ACCGTACCATGACGGT,1
ACCGTGTCGAATACAA,1
ACCGTGTTTAAGCAAG,1
ACCTAGACAGGCGGAC,1
ACCTAGTTTAATCATT,1
ACCTATGTGCAATGAC,1
ACCTCAACATTCTTAG,1
ACCTCAATAGTCTTAG,1
ACCTCAATATTCTTCG,1
ACCTCAATATTCTTGG,1
ACCTTAGATGAAATGC,1
ACCTTTTTAACTAAGA,1
ACGATGCCAAAACTTG,1
ACGCCCCCAACCTCCC,1
ACGCCCCCAGCATCCC,1
ACGCCCCCCACCTCCC,1
ACGCCCCCGACATCCC,1
ACGCCCTTGTTAATAA,1
ACGCTAATGAAAACCT,1
ACGCTACAAAGAATTG,1
ACGCTCTTGCTAATAA,1
ACGTATTAAATTACAG,1
ACGTCCCTCATATCCT,1
ACGTCCTTCACATCCT,1
ACGTCCTTCATACCCT,1
ACGTCCTTCATCTCCT,1
ACGTCCTTCGTATCCT,1
ACGTGAAAAACCTAGC,1
ACGTGAAAAGCCTAAC,1
ACGTTAATGAAAACCC,1
ACGTTACAGATCGATG,1
ACGTTACAGGAATAAA,1
ACGTTACCGCCATAAA,1
ACGTTGCGGAGTCGAC,1
ACTAAGAGCAAATAGA,1
ACTACACACGACGTAA,1
ACTACACACGCCGCAA,1
ACTACATACGACGCAA,1
ACTACATCAGTGAACC,1
ACTACATCATCGAACC,1
ACTACGAGACCAGGTA,1
ACTACGAGAGCAGGTA,1
ACTACGAGATCAGGTT,1
ACTACTAGTGAATCTA,1
ACTAGCCTAAATCAAT,1
ACTCATCGGACACTAA,1
ACTCATCGGATATTAA,1
ACTCATCGGCCATTAA,1
ACTCATCGGGCATTAA,1
ACTCATTGGACATTAA,1
ACTCCATCCTTGCACC,1
ACTCTACGCATAAACC,1
ACTCTCAAATACGAAC,1
ACTCTCCACATACCCC,1
ACTGAACCCTAAACAA,1
ACTGAAGCCTAAACAT,1
ACTGAAGCCTCAACAA,1
ACTGACACACTATTAA,1
ACTGACACAGTATTAA,1
ACTGACACATTATTAT,1
ACTGACACATTGTTAA,1
ACTGACACGTTATTAA,1
ACTGGATATAACGCTA,1
ACTGTTAAGCAACCAC,1
ACTGTTAAGGAACCAA,1
ACTGTTGAGCAACCAA,1
ACTTAATCTCCACTAC,1
ACTTAATCTCCGATAC,1
ACTTAATCTTCAATAC,1
ACTTACTCGTTCTCTA,1
ACTTACTCTCCAATAC,1
ACTTAGAGACGGAACA,1
ACTTAGTTTAACCATT,1
ACTTAGTTTAATCATC,1
ACTTCCTCTACCATAT,1
ACTTCGTTTAATCATT,1
ACTTCTTGACTTCATT,1
ACTTGAAAAACCTAAC,1
AGAAAATAGCACATCG,1
AGAAAATGCTGGAGAC,1
AGAAACACACGATATC,1
AGAAGAGCATTGACAG,1
AGAATAACAAACAGTA,1
AGAATAACAAACGGTT,1
AGAATAACAAATGGTC,1
AGAATAACAGACGGTC,1
AGACAAAAGAATATTC,1
AGACCTTCCCAAGTTC,1
AGACGAAAGAATATTT,1
AGACGAAAGAATGTTC,1
AGACGAGAGAATATTC,1
AGACGGAAGAATATTC,1
AGAGAGTAAAAACACT,1
AGAGCGCCCCGAGGCG,1
AGAGCGCCTCGAGACG,1
AGAGTCCTTGGAAGAG,1
AGATAAATTGTCAACA,1
AGATAACCCGTACGAG,1
AGATAATCTCAGTAAA,1
AGATACAGGCCAGTAA,1
AGATACCCCCTACGAG,1
AGATAGCGCATAAAGT,1
AGATAGCGTATAAAGC,1
AGATAGCTAAGGGAAA,1
AGATCAACAGCTAGTG,1
AGATCACACATCCAAT,1
AGATCGAATAAGGCCC,1
AGATGATCTGAGTAAA,1
AGATGGCGCATAAAGC,1
AGATTGTTAAGGTCGG,1
AGATTTCTAAGGTCGG,1
AGATTTCTTGGAAGAG,1
AGCAACCTAGATTTGG,1
AGCAATCTAGACTTGG,1
AGCAATCTAGGTTTGG,1
AGCAATCTTGATTTGG,1
AGCACTCTAGATTTGG,1
AGCAGCACGGCCATCC,1
AGCATACACAAACAGA,1
AGCATACACAAGTAGA,1
AGCATACACGAATAGA,1
AGCATACGCAAATAGA,1
AGCATCACATAAGAGA,1
AGCCCGATATAACACG,1
AGCGATCTAGATTTGG,1
AGCGCGCCTCGAGGCG,1
AGCGTGTTCACACCAG,1
AGCTCAAGGAATATAA,1
AGCTCGGAATGTTGCT,1
AGCTGACAATTGATAT,1
AGCTGTACTACCTACA,1
AGCTTCCTTGGAAGAG,1
AGGATAACAAACGGTC,1
AGGATCCATTACAGAC,1
AGGATTCATCACAGAC,1
AGGCGAAACCGATACT,1
AGGCGAGACTTAATTG,1
AGGGAACCTGAATACC,1
AGGGAACTTAAATACC,1
AGGGAACTTGGATACC,1
AGGGAGCTTGAATACC,1
AGGGTTTAATGTTCAA,1
AGGTAATTGAACCATT,1
AGGTTATCGCCAATAG,1
AGTAACCCTCGCCATA,1
AGTAAGGTTAGAACGC,1
AGTAAGTTAACCCATG,1
AGTAATATTCACAAAA,1
AGTACAACAGAACGGC,1
AGTACACTGTATGATT,1
AGTACAGAAAAAACAA,1
AGTACAGCAGAGCGGC,1
AGTAGCACGGCCATTC,1
AGTGAAAGGCGAGAGA,1
AGTGAAAGGTAAGAGA,1
AGTGAAAGGTGAAAGA,1
AGTGAAATTCTCCTTA,1
AGTGATATTCAAAAAA,1
AGTGGACAAAGTAGAT,1
AGTTACCAATCAAAGT,1
AGTTAGAAAATGGCTA,1
AGTTATTTCGAGCTTC,1
AGTTCCTCTACCATAT,1
ATAAACAAGCCCCCGA,1
ATAAACAAGCCCGCGG,1
ATAAACAATCCCGCGA,1
ATAAAGACCTTTGTGT,1
ATAAAGGCCTATGTGT,1
ATAAATAAGCCCGCGA,1
ATAAATGTTACGAGAA,1
ATAAATGTTACGGGAT,1
ATAAATGTTCCGAGAT,1
ATAAATTCCGTCTTAC,1
ATAAATTCCGTCTTCT,1
ATAACTGCTAACGGCT,1
ATAACTGCTACCGGCA,1
ATAAGGTTTGATCCCC,1
ATAAGGTTTGATCTTC,1
ATAAGGTTTGATTTCC,1
ATAATCTTAAGCCCCG,1
ATACAACTTGATCTAC,1
ATACAACTTTTTCTAC,1
ATACACAAGCCCGCGA,1
ATACAGACCTATGTGT,1
ATACCCACACGTGACC,1
ATACCCCTCTGTTTAG,1
ATACCTCTCTGTCTAG,1
ATAGACCTATATCTTG,1
ATAGCATGAGTGAACT,1
ATAGGCACTATCTTAA,1
ATAGGCACTGTCTCAA,1
ATAGGCCCTATCTCAA,1
ATAGTACCATGACGGT,1
ATATAACAGGCCATTC,1
ATATAATCATGTAAAT,1
ATATACCATAACGATA,1
ATATACTTCTCAGGCT,1
ATATAGAAACGTGACC,1
ATATAGACAAGTGACC,1
ATATAGACCTATGTGT,1
ATATAGCGCATAAAGC,1
ATATAGCTGAACGAGG,1
ATATCCGAACCAATCG,1
ATATCCGAAGCAATCT,1
ATATCGACACGTGCCC,1
ATATCGACCCGTGACC,1
ATATCGCCACGTGACC,1
ATATGATCATGTAACT,1
ATATGTCAACGTGCTA,1
ATATGTCAATAGAAAT,1
ATATTGACACGTGACC,1
ATCAAACTTCTACCCA,1
ATCAAGACCTATGTGT,1
ATCACACCCCCCTTTA,1
ATCACACTCGCCTTTA,1
ATCAGACTTGTACCCA,1
ATCAGCAGTCATAGTC,1
ATCAGCAGTGATAGTT,1
ATCAGTAGTAATAAGA,1
ATCATAATCACAGAGT,1
ATCATAATCACAGGGC,1
ATCATAATCACCGGGT,1
ATCATAATCCCAGGGT,1
ATCATAATCGCAGGGT,1
ATCATAATTACAGGGT,1
ATCATGCACAGACGCC,1
ATCATGCACGGACGCT,1
ATCATGCATAGACGCT,1
ATCATTCTGACCTATT,1
ATCCAACTTGTACCCA,1
ATCCAACTTTATCTAC,1
ATCCAGACACTTATCG,1
ATCCATATGCCCCTAC,1
ATCCATATGCCCCTAG,1
ATCCATATGCCCCTGA,1
ATCCATCTGCCCCTAA,1
ATCCCTCTGCCCCTAA,1
ATCCTAATCACAGGGT,1
ATCGAATCGCAATATC,1
ATCGATCTGAGCTAGC,1
ATCGATCTGCGCTAAC,1
ATCGATTTGAGCTAAC,1
ATCGTAAGACGAAAAG,1
ATCTAACAGTCCATTC,1
ATCTAAGAAGTAATGA,1
ATCTAGATGGCAGTGA,1
ATCTAGCCACGTGACC,1
ATCTAGCCCCGTGACC,1
ATCTAGGAGCCTCTAC,1
ATCTAGGAGGCCCTAC,1
ATCTATATGCCCCTAA,1
ATCTATCAAGTTAAAC,1
ATCTATCACGTCAAAC,1
ATCTCAATATTCTTAG,1
ATCTCCTTTCACTTGC,1
ATCTCGACACGTGACC,1
ATCTCTCAAGTCAAAC,1
ATCTCTGACACCAGCC,1
ATCTTGGAGGCTCTAC,1
ATGAATTTACAGATTA,1
ATGACACTCCATCAAA,1
ATGATTTCATTCCCAC,1
ATGCAAAAACCGTAGA,1
ATGCAACAAAAGGCGA,1
ATGCAACTTTATCTAC,1
ATGCAGAGTGTTCGAC,1
ATGCCCCCAACATCCC,1
ATGGGCTGACCGCCGC,1
ATGGGCTGACTGTCGC,1
ATGGGTGTAGAGTAGT,1
ATGGTCAGCCAACGAT,1
ATGGTCAGCGAACGAC,1
ATGGTCAGCGAACGGT,1
ATGGTCCCCTTATCTC,1
ATGGTCCCCTTATGTT,1
ATGTAAATGTCTAACC,1
ATGTAAGCGTCTAACC,1
ATGTAATAAGCAAAAC,1
ATGTACGTGTCTAACC,1
ATGTAGTAAGCGAAAC,1
ATGTCATTAATATAAA,1
ATGTCATTAGTATGAA,1
ATGTCGTTAATATGAA,1
ATGTCTGGCCATAACA,1
ATGTCTTTAATATGAA,1
ATGTGAAAAAAAAAAT,1
ATGTGAAAAACCTAAC,1
ATGTTACAGCAATAAA,1
ATTAAAATCATTAATG,1
ATTAAACCACCGTAAT,1
ATTAAGACCCTTAGTC,1
ATTACTTCAATCACCC,1
ATTACTTCAATTGCCC,1
ATTACTTCAGTTACCC,1
ATTAGCATACTGTAAC,1
ATTAGCGTACTGCAAC,1
ATTATCGTACTGTAAC,1
ATTATGCTGACAACGG,1
ATTATGCTGCTAACGG,1
ATTCATATGCCCCTAA,1
ATTCATGGTAAATTAG,1
ATTCATGGTCAATTGG,1
ATTCCCTTTCACTTGC,1
ATTCCTGACACCAGCC,1
ATTCTCAAATACGAAT,1
ATTCTCGAATACGAAC,1
ATTCTTACATGATAAA,1
ATTGAAACCATTAATG,1
ATTGAGGGTAACATGG,1
ATTGATCTGAGCTAAC,1
ATTGCCTCTATACCAT,1
ATTGCCTCTCTATCAT,1
ATTGCTTCAATTACCC,1
ATTGGCGTACTGTAAC,1
ATTGTGGGTAATATGG,1
ATTGTTAAGCAACCAA,1
ATTTAAATCCAAGCCA,1
ATTTAATAAGCGAAAC,1
ATTTAGATGGCAGTGG,1
ATTTATCAAGTCAAAC,1
ATTTATGATCCGGTAC,1
ATTTCATGCGTATAAA,1
ATTTCCTGCGTACAAA,1
ATTTCCTTTTACTTGC,1
ATTTCTGACCCGGTAC,1
ATTTTCTTTCACTTGC,1
CAAAACAATCAAGCAT,1
CAAAACACCTGTGCGT,1
CAAAACCGCACGAAAT,1
CAAAACTCAAAGACAG,1
CAAAACTCAAAGATAA,1
CAAAATCGCAAGAAAT,1
CAAACCCGAACAGGGT,1
CAAACCTTAGTCTGAC,1
CAAACGTGCGATAACA,1
CAAACTGGCCGTAAAA,1
CAAAGCGCAGTTAATC,1
CAAAGCGCATTTAACC,1
CAAATCAGACTTATTT,1
CAAATCGGACTTATCT,1
CAAATCTTCGTCTGAC,1
CAAATCTTGGTCTGAC,1
CAAATTACGTAGACAA,1
CAAATTTAAAAAGGGC,1
CAACACTCCATGGCGA,1
CAACATGTAGGACATA,1
CAAGACACAGCTAATA,1
CAAGACCGACCGAAAA,1
CAAGATTTCCGTAAAG,1
CAAGATTTCGGTAAGG,1
CAAGCCATTCCGAATT,1
CAAGCGATTGGCTCAC,1
CAAGGGAAGCATACTA,1
CAAGGGTTACCCCCGT,1
CAAGGTAAATAGATCG,1
CAAGGTTTCGGTAAAG,1
CAAGTATGATGCTAAT,1
CAAGTCATGAAGAAGA,1
CAAGTCATGGAGAAAA,1
CAAGTCATGGAGAAGG,1
CAAGTCTGAAAGAGAC,1
CAAGTGATTGGCTCAA,1
CAAGTGCTAAAACCTC,1
CAATACATGTAATACC,1
CAATCACAGCGCCAAC,1
CAATCACAGTGCCAGC,1
CAATCCAACCACCTAA,1
CAATCCAACGACCCAA,1
CAATCCATATAATACC,1
CAATCCATGTAGTACC,1
CAATCCATGTCATACC,1
CAATCGCAGTGCCAAC,1
CAATCTAACGACCTAA,1
CAATCTTTAGACTCCG,1
CAATGACCCAACCTTA,1
CAATGACCTAACATTA,1
CAATGATCCAACATTA,1
CAATGGAAAAGTACTG,1
CAATGGAAAAGTGACG,1
CAATGGAGAAGTGATG,1
CAATGGGACAGCCTCA,1
CAATGGTAAATGATTG,1
CAATGTCTGTGTCGTC,1
CAATGTTGAACTTGAA,1
CAATGTTGGCCTTGAA,1
CAATTAGATCCATCGT,1
CAATTAGATGCATCAT,1
CAATTCTACATCATCC,1
CAATTCTACATTGTCC,1
CAATTCTACGTTATCC,1
CAATTCTATATTATCC,1
CAATTCTGCATTATCC,1
CAATTGATAACCCGAC,1
CAATTGCCCCCCAAAG,1
CAATTGCCCGCCAAAC,1
CAATTGCCCGCTAAAG,1
CAATTGGCGATTAAGG,1
CAATTGTCCGCCAAAG,1
CAATTTCAACCGCAAT,1
CACAAATGTCCTGGCA,1
CACAACGACGAAAAGT,1
CACAACGACTAAAGGT,1
CACAGACAGCGAACCC,1
CACAGACAGCGACCTC,1
CACAGATAGCGAACTC,1
CACCAACACGCTAATG,1
CACCAATAATGGAAGC,1
CACCCTCCCCTCTCCA,1
CACCGAAAATATTTGT,1
CACCTCTGACTAGAAT,1
CACCTCTGGAATGCTC,1
CACCTGCAGTAAGCGA,1
CACGACACAACTAATA,1
CACGACACAGCTAAAA,1
CACGACACAGCTGATA,1
CACGACATAGCTAATA,1
CACGATACAGCTAATA,1
CACGGCACAGCTAATA,1
CACGTGTTTAAGCAAG,1
CACGTTAAATAGTCAC,1
CACTAACACGCTAATA,1
CACTACCACACCCACG,1
CACTACCACACTCACA,1
CACTACCACATCCACA,1
CACTACCGCACCCACA,1
CACTCCAAAATACCAA,1
CACTTGGCAATTAAGG,1
CACTTGGCGATTACGG,1
CACTTGGCGATTGAGG,1
CAGAAACGAGTTCGCC,1
CAGAAACGAGTTTGCA,1
CAGAAGCAATCCGAAC,1
CAGAAGCCCCGCACAC,1
CAGAAGCCCCGCACAG,1
CAGAAGCGATCCGAAG,1
CAGAAGCTCCGCACAA,1
CAGAGACGAGTTTGCC,1
CAGATATTGATTAAGA,1
CAGATCAACTCACAGA,1
CAGATGAAGGTTAGTC,1
CAGCCAACACGAATCT,1
CAGCCAACACTAACCT,1
CAGCCAACAGGAACCT,1
CAGCCAACCCGAACCT,1
CAGCGAGCCCGACCAT,1
CAGCTACAGACTTAGC,1
CAGCTGCAGTTTAGTC,1
CAGGATAACTCTGGAT,1
CAGTAGCTACTATTAC,1
CAGTCGACAAACACTA,1
CAGTCGACAAACGGTA,1
CAGTCGACGAACAGTA,1
CAGTGTTGGACTTGAA,1
CAGTTCACCTCACAGA,1
CAGTTGCTAACCCGAC,1
CAGTTGTTAACCCGAC,1
CATAAAATAGACTAAT,1
CATAACAAAGATCGAA,1
CATAACAAATACCGAA,1
CATAACAAATCTCGAA,1
CATAACAGATATCGAA,1
CATAGACAGCGAACTC,1
CATAGCAAATATCGAA,1
CATAGCAACATACATA,1
CATAGCAACGCACATA,1
CATAGCAACTCACAGA,1
CATATGAACTAAACAT,1
CATCAAAAGCCGTAGA,1
CATCAAAAGTGTTAAA,1
CATCAAGAATGTTAAA,1
CATCCGGAGTACTAAC,1
CATGAAATTCTCCTTA,1
CATGACACAGCTAATA,1
CATGAGGTGGTTGCCG,1
CATGGGTGAACGCTCG,1
CATGGTAACTCCCCTG,1
CATTAAAAATGTTAAA,1
CATTCTTGCCTTCATT,1
CATTGACTAGAGAAAG,1
CATTGATTAGAGAAAA,1
CATTTCCACATAGTCT,1
CATTTCCATCTAGTCT,1
CCAAAACACCAACTTT,1
CCAAAACGCCAACCTT,1
CCAAAACGCCCACTTT,1
CCAAAACGCGAACTTT,1
CCAAAACGTCAACTTT,1
CCAAAATGCCAACTTT,1
CCAAAATTTAAAGCCG,1
CCAAACAGATAATTAA,1
CCAAACTCTAATAGCT,1
CCAACTTCTCCTATAA,1
CCAATACGCGTGCTGC,1
CCAATAGATCGAACAG,1
CCAATCAGACTTATCT,1
CCAATTTAGTACTTTT,1
CCAATTTCGTACTTTC,1
CCAATTTCTCCTATAG,1
CCACTTCCCCTCTAGC,1
CCACTTCCCGTCTAGC,1
CCACTTCCTATCTAGC,1
CCACTTTAGTACTTTC,1
CCACTTTCTCCTATAA,1
CCAGACCGACGAGAGA,1
CCAGACCGAGAAGAGA,1
CCAGCTAAACAGGCCG,1
CCATACCAGCGAACAG,1
CCATCACAGATCGATG,1
CCATCCAACGACCTAA,1
CCATCTAACCCAATCC,1
CCATGTATGAAAACAA,1
CCATTAAAACCACTAG,1
CCATTACAGATCGATA,1
CCCAAACAGCAGGAAA,1
CCCAAAGGGTAAGGAT,1
CCCAAAGGGTCAAGAT,1
CCCAAATCCAATCCAG,1
CCCAAGTCAGATCCAG,1
CCCACACCCCAAAAAT,1
CCCACAGGGTAAAGAT,1
CCCACTAAACACCCCG,1
CCCATCTCAGATTATG,1
CCCCAATAGCAGGAAA,1
CCCCAGACACTTATCG,1
CCCCAGGGTAAATCGT,1
CCCCAGGGTAAATTGG,1
CCCCAGGGTGAATCGG,1
CCCCAGTAAGACTATA,1
CCCCAGTAATACCATA,1
CCCCAGTAATGCTATA,1
CCCCCAATGAAACCCG,1
CCCCCACTCCAAAAAT,1
CCCCCCACCCATGAAC,1
CCCGAAGGGTAAAGAT,1
CCCGAATCAGATCCAG,1
CCCGACATTCAGACGT,1
CCCGACATTGAGATGT,1
CCCGAGAATGCAAACG,1
CCCGATCCATACATCC,1
CCCGCACCTGTCGGTA,1
CCCGTACCTGTAGGTA,1
CCCGTCGAAACTCACT,1
CCCGTCGAAAGTCACC,1
CCCGTCGGAAGTCACT,1
CCCTAACTATTTTAGA,1
CCCTACCACACCCACA,1
CCCTATCGAGTGACTA,1
CCCTCACCATTTTATA,1
CCCTCCTCATATACAC,1
CCCTCTCGCATGACTA,1
CCCTGGTGAATGCGTG,1
CCCTTTAGCAGCAATT,1
CCGACCAACGTAAACT,1
CCGACCAATGTAAACC,1
CCGACCAGCGTAAACC,1
CCGATTACATAAACCA,1
CCGCCAACACGAACCT,1
CCGCGTAATACATCCC,1
CCGCGTCATACATTCC,1
CCGGACGAATGTTAAG,1
CCGGCCAACGTAAACC,1
CCGGGACACAACTCTT,1
CCGTACGAATGTTATG,1
CCTAACAGAGAATTAA,1
CCTACCTCAATCATAA,1
CCTACTCATGGAGGGA,1
CCTACTTATGGAGGGC,1
CCTAGATGCACCAACA,1
CCTAGATGTACCAACT,1
CCTCAGTAATACTATA,1
CCTCCACAATTACCCA,1
CCTCCCACCCATAAAC,1
CCTCCCACCCATGAGC,1
CCTCCCACCCATGGAC,1
CCTCCCCCCCATGAAC,1
CCTCCGTAACTGACTT,1
CCTCCTCATGGAGGGC,1
CCTCGATGAAAGAACC,1
CCTCGATGAAGGAACT,1
CCTCGATGCAAGAACT,1
CCTCGCTGAAAGAACT,1
CCTCTTAATTAACTTG,1
CCTCTTGATAAACTTG,1
CCTCTTGATCAACTTG,1
CCTCTTGATTAACCTG,1
CCTGACACATTATTAA,1
CCTGACACTACTCGCA,1
CCTGGAAGGGAACACG,1
CCTGGAAGGGAACATA,1
CCTGGAAGGGAGCATG,1
CCTGGCGTTTACACTA,1
CCTGGGAGGGAACATG,1
CCTTACAGATAATTAA,1
CCTTATCGAATGACTA,1
CCTTATTTAGTGGGTA,1
CCTTCCACCCATGAAC,1
CCTTGATTAGAGAAAG,1
CCTTTCAATGCGAGGG,1
CCTTTCGATGCGAGAG,1
CCTTTTGATTAACTTG,1
CGAAACTCAAAGACAA,1
CGAAAGTATATACAAT,1
CGAAAGTGTATACGAT,1
CGAAAGTGTATATAAT,1
CGAACCATGTAGACCG,1
CGAACGCCTATCTGAT,1
CGAACGCCTCTCTGAC,1
CGAATAGGATGCTGAG,1
CGAATTACGCAGACAA,1
CGACAATGAAAACGCA,1
CGACAATGAAAGCGTA,1
CGACAATGAAATCGCA,1
CGACAATGAAGGCGCA,1
CGACAATGAGAGCGCA,1
CGACAGTGAAAGCGCA,1
CGACTGTAACTACACT,1
CGACTGTAACTACATC,1
CGACTGTGACTACACC,1
CGAGATATTCTAACAA,1
CGAGCGCCTCGAGGCG,1
CGAGGGTTACCCCCGC,1
CGAGGGTTACCCCTGT,1
CGAGGGTTAGCCCCGT,1
CGAGTAAAAAGGACTA,1
CGATAAACTGATTGAA,1
CGATAAAGTATTTTCA,1
CGATCAATAACTTATA,1
CGATGTATCACCTATA,1
CGATGTATCCCATATA,1
CGATGTATCGCATATA,1
CGATGTTGGACTTGAA,1
CGATTGCCCGCCAAAG,1
CGATTTTTAAGGTCGG,1
CGCAACGACTAAAAGT,1
CGCACCAACGAAGCCT,1
CGCAGAGGACGCCAGT,1
CGCAGCGGACACCAGT,1
CGCAGCGGACGCCAGC,1
CGCAGCGGACGCCGGT,1
CGCAGCGGACGCTAGT,1
CGCCCAAGTTTAAAGT,1
CGCCCACGTTTGAAGT,1
CGCCTATTGACATCCT,1
CGCGGGTGGAGTTTCA,1
CGCTGAGACCTACTGG,1
CGCTGAGATCTACCGG,1
CGCTGAGATCTACTGC,1
CGCTTGGCGATTAAGG,1
CGGAAGCTGATAAATC,1
CGGAATCTAATGATCA,1
CGGACGCCTATCTGAC,1
CGGAGATGCCCTCTGA,1
CGGAGATGCGCTCTGG,1
CGGATATTTCCCGTAC,1
CGGATCACGGGATCTA,1
CGGCTAACGCACTACC,1
CGGGGACACAACTCTC,1
CGGGGACACACCTCTT,1
CGGGGACACCACTCTT,1
CGGGGCCACAACTCTT,1
CGGGTCACGCGATCTA,1
CGTAACAAATATCGAA,1
CGTAATACAAGCGCTA,1
CGTACCAGTCTATGAT,1
CGTACCCACTAAAAAA,1
CGTACCTACTAAAATA,1
CGTAGTCACCAAAAAG,1
CGTAGTCGCCAAAAAT,1
CGTAGTCGCCCAAAAG,1
CGTAGTCGCGAAAAAG,1
CGTAGTCGCTAAAAAG,1
CGTCAATGTAAAGTTA,1
CGTCACCAAACTACTA,1
CGTCGTCGCCAAAAAG,1
CGTCTATGCCCTCCAA,1
CGTCTATGGCCCCCAA,1
CGTCTGTGCCCCCCAA,1
CGTGAAACCACTAGCT,1
CGTGAAACCGCTAACT,1
CGTGAAACCTCTAACT,1
CGTGATAACTCCCCTG,1
CGTGGAAGGGAACATG,1
CGTGGCATTTACACTA,1
CGTGGCGTTAACACTA,1
CGTGGCGTTTACAGTA,1
CGTGGCGTTTAGACTA,1
CGTGGCGTTTCCCCTA,1
CGTGGCGTTTTCACTA,1
CGTGGGGTTTACACTA,1
CGTGGTATTTACACTA,1
CGTGTCGTTTACACTA,1
CGTTAAGGATGAATTA,1
CGTTATCCAGTGACTG,1
CGTTGATTAGAGAAAG,1
CGTTGCGTTTACACTA,1
CGTTGTAACCCAAAAA,1
CGTTGTAACCTAAAAC,1
CTAAAAACTAATCATC,1
CTAAAAAGAGCACGAA,1
CTAAACTTGCCCAGTC,1
CTAACATGTCTCTGAC,1
CTAACCTGACTGTTTA,1
CTAACGATTTACAAAA,1
CTAACTGCTAACGGCA,1
CTAAGCAGAAGACTAA,1
CTAAGCCTACGTCCGT,1
CTAAGCCTACGTCTGC,1
CTAAGGTTTGATCTCC,1
CTAATAGATCGAGCAG,1
CTAATAGGTCGAACAG,1
CTAATCCGACTGTTTA,1
CTAATCTGACTGTTTC,1
CTAATCTGGCTGTTTA,1
CTACAACTTTATCTCC,1
CTACACAAAAACAGCA,1
CTACACAACAACAGAA,1
CTACACCAAAACAGAA,1
CTACCATGTCTCTGTC,1
CTACGACCCGAGCGAG,1
CTACGCCTACGTCTGT,1
CTACGTCAATAGAAAT,1
CTACTAAAACCACTAG,1
CTAGATAAACAATAAA,1
CTAGGCCATGGGACAA,1
CTAGTGTGAAACATAA,1
CTATAATAATTTTGAA,1
CTATAGCCCCGTGACC,1
CTATGATCATGTAAAT,1
CTATGGATGCTACTAC,1
CTATGTCAACGTGCTA,1
CTATGTCAATAGACAT,1
CTATTACAACCACTCG,1
CTCAATTACCCAACTA,1
CTCACATGGGCCTCGT,1
CTCAGTTCAAATTGGA,1
CTCATAGATCGAACAG,1
CTCATAGGCCTGTTTC,1
CTCATTCATTCAAAAT,1
CTCCAGGGTAAATCGG,1
CTCCAGTAATACTATA,1
CTCCCATGGGCCACGT,1
CTCCCGTAACTGACTT,1
CTCGACACAGCTAATA,1
CTCGATTACTCAACTA,1
CTCGCACCTGTAGGTA,1
CTCGCATGGGCCACGT,1
CTCGCCCTAGAGTATC,1
CTCGCTCTAGAATATC,1
CTCGCTCTAGAGTATA,1
CTCGCTCTAGGGTATC,1
CTCGTGTGAAACGTAA,1
CTCGTTCTAGAGTATC,1
CTCTCAAAGACAATAG,1
CTCTCATACATATGTA,1
CTCTCCCTCGGTTTTA,1
CTCTCCTAATATACAC,1
CTCTGGATGCTACAAC,1
CTCTGGATGGTACTAC,1
CTCTTAGGCCTGTTTA,1
CTCTTAGGCCTGTTTT,1
CTCTTCAACGGAAAAA,1
CTCTTCAACGGAGAAT,1
CTCTTCAACGGGAAAT,1
CTCTTCAACGTAAAAT,1
CTCTTCGACGGAAAAT,1
CTCTTCGGCCTGTTTC,1
CTCTTTAGCAGCAACT,1
CTCTTTAGCAGCAATA,1
CTGACTCTCTCCACCG,1
CTGACTCTTTACACCG,1
CTGATAAAACTGCAAA,1
CTGATTCTTTCCACCG,1
CTGCACAGGCTATGAG,1
CTGCATCAAAGCGCGC,1
CTGCATCACTAAGCAC,1
CTGCATCGAAGTGCGC,1
CTGCATCGAGGCGCGC,1
CTGCCCGACAACTACT,1
CTGCTGAATGTTAACC,1
CTGCTGACGAACTCAG,1
CTGGAATTCTTTTAAA,1
CTGGTCATAAATGCTG,1
CTGTAAATACCTTCTT,1
CTGTAAGTACCCTCTT,1
CTGTATCGAAGCGCGC,1
CTGTCCAACAACTACT,1
CTGTCCGACAATTACT,1
CTGTCCGACGACTACT,1
CTGTCTGACAACTACT,1
CTTAAACCAAGTCCTA,1
CTTAAAGGAATTGGCA,1
CTTAAAGGAGTTAGCA,1
CTTAACAGAAGACTAA,1
CTTAACATGCGTACGA,1
CTTAACATGCGTGTGA,1
CTTAACATTCGTATGA,1
CTTAATATGCGTATGA,1
CTTACCACCAACCAGC,1
CTTACCTCACTCATAA,1
CTTAGCAGAACACTAA,1
CTTAGCAGAAGATTAA,1
CTTATCACCAGTGTTA,1
CTTATCACTAGAGTTA,1
CTTATCTCAATCATAA,1
CTTCAAGGCCTCCCCT,1
CTTCATTCATATGCAC,1
CTTCATTCCGCGACAA,1
CTTCCGTAATTGACTT,1
CTTCCGTAGCTGACTT,1
CTTCCTTACGCCTTTT,1
CTTCGTAATTATGCCG,1
CTTCGTTACGCCTTTT,1
CTTGAACCAAGCCCTA,1
CTTGAACCGAGTCCTA,1
CTTGAAGGAATTAGCA,1
CTTGCACCAAGTCCTA,1
CTTGCCTCTATATCAT,1
CTTGTCACCAGAGTTA,1
CTTGTCAGAAGAACCT,1
CTTGTCAGAAGAGTCT,1
CTTGTCAGACGAATCT,1
CTTGTCAGCAGAATCT,1
CTTGTCGTACGATTTA,1
CTTGTGGAAAGCAAAT,1
CTTGTGGAAGACAAAT,1
CTTGTGGAGAACAAAT,1
CTTTCATACATATTTA,1
CTTTCATATATATGTA,1
CTTTCATGCGTACAAA,1
CTTTCCTTTCACTTGC,1
CTTTTCAACGGAAAAT,1
GAAAAAACGCATGTAA,1
GAAAAGACAGATAACC,1
GAAAATTTAAGTGCTC,1
GAAAATTTAAGTGTCC,1
GAAACAAGTGTTTGCA,1
GAAACACAATTAGTCT,1
GAAACGTCTGGGGATG,1
GAAACTAACCCAACCT,1
GAAACTAACCCAACTC,1
GAAACTAACCCAATTT,1
GAAACTAACTCAACTT,1
GAAACTAATCCAACTT,1
GAAACTCACCCAACTT,1
GAAACTTTAAGTGTTC,1
GAAAGAATCTTATGTC,1
GAAAGCACTGTCAATT,1
GAAAGTAAATATTTAA,1
GAAAGTACTGTCAATC,1
GAAAGTTTAAGTGTTC,1
GAAATACAACTAGTCT,1
GAAATACAATTAGTCC,1
GAAATCTTAGTCTGAC,1
GAACAAACCCATCGGT,1
GAACAAACCCTTCGGT,1
GAACAACAGCCCCCCC,1
GAACAACAGGCCCCCC,1
GAACAACAGTCCTCCC,1
GAACAACGGTCCCCCC,1
GAACAGTAATCCCGAA,1
GAACCAAACACCAGTA,1
GAACCACAGTCCCCCC,1
GAACCCTACCCGTTCC,1
GAACCTAACCCAACTT,1
GAACTAACTAAGCTTT,1
GAACTACACTTAGTCT,1
GAACTATAAGACGTGG,1
GAAGATTATGCATACT,1
GAATAAACCCCTCGGT,1
GAATAAATTGTCAACA,1
GAATACAGAAGTACCT,1
GAATACCAACGTCTAC,1
GAATACTAATGTCTAC,1
GAATAGCTGAACGAGG,1
GAATATAGTATATGTA,1
GAATATAGTATGTATA,1
GAATGCATAATATTAA,1
GAATTAATGCCACAAC,1
GAATTAATGGCACAAC,1
GAATTAATGTTACAAC,1
GACAAAAATGGAACCA,1
GACAAAAATGGAGTCA,1
GACAATATTATCCCTC,1
GACAATATTGTCTCTC,1
GACACTCTGGCACAAG,1
GACACTTTCCGCCCCC,1
GACACTTTCCTCCCCT,1
GACACTTTCGGCCCCT,1
GACAGGGCTAACCCGC,1
GACAGTCCATAAATCA,1
GACATAACAGCTCGCT,1
GACATTCCGGCACAAG,1
GACATTCTTATGCGAC,1
GACCAACACTAATTAT,1
GACCAACGCCAATTAT,1
GACCCTCTTAACTAAC,1
GACCGTCATCTGTCTC,1
GACCTTCTAAACTAAC,1
GACCTTCTTAACTACC,1
GACGACCAGGTTCATG,1
GACGCTTTCCGCCCCT,1
GACGGTGCACAAATTA,1
GACGTGTTTAAGCAAG,1
GACTAACGCTAATTAT,1
GACTACCAATGTCTAC,1
GACTTAATGTCACACC,1
GACTTCACAGACCCAA,1
GACTTCACATACCTAA,1
GACTTCACATACTCAA,1
GACTTCATATACCCAA,1
GAGAAAAACTCCCTAA,1
GAGAAAACGAAATTAC,1
GAGAAAACGGAATTAG,1
GAGAAGAACTCCCCAA,1
GAGAATACGTCACATA,1
GAGACAAGTATTTGCA,1
GAGACAGACGTTTGTT,1
GAGACGGACATTTGTT,1
GAGACGGACGCTTGTT,1
GAGACGGACGTTTTTT,1
GAGACGGACTTTTGTT,1
GAGACGGCCGTTTGTT,1
GAGACGGGCGTTTGTT,1
GAGATGGACGTTTGTT,1
GAGCAACAGTCCCCCC,1
GAGCAGTAATCCCGAG,1
GAGCAGTAATTCCGAA,1
GAGCAGTCATCCCGAA,1
GAGCCGGACGTTTGTT,1
GAGCTAAATCAAAAAC,1
GAGCTCTTTCAGAATA,1
GAGGCGGACGTTTGTT,1
GAGGTATTACACAGGC,1
GAGTAAACGCGGCCAA,1
GAGTAAACGGGGTCAT,1
GAGTAGTAATCCCGAA,1
GAGTATAATGACGTGT,1
GAGTATTTCCCTCACA,1
GAGTATTTCGCTCACC,1
GAGTATTTCGTTCACA,1
GAGTGGACGCAACCAC,1
GAGTGGATGCAACCTC,1
GATAAATACGATAACA,1
GATAAGCCAGGTAACA,1
GATAAGGTATCCATCT,1
GATACACACAGATAAA,1
GATACACGCAGATAAG,1
GATACCCTAAAATCCA,1
GATACTCTAAAATTCA,1
GATACTCTAACATCCA,1
GATAGCAGTGTTAACG,1
GATAGCAGTTGTAACG,1
GATAGGGTCTCCATCT,1
GATATCTAATATTCAA,1
GATCACTAATTTGCCG,1
GATCTATTGACAGAAA,1
GATCTATTGACAGAAC,1
GATCTATTGACAGGAT,1
GATCTATTGCCAGAAT,1
GATGAATACAATAACA,1
GATGAATACCATAACA,1
GATGAATACGATAACG,1
GATGAATACGCTAACA,1
GATGAATATGATAACA,1
GATGACGATGCCTAGC,1
GATGACTACTACCTAC,1
GATGACTATTACCTAG,1
GATGAGTACGATAACA,1
GATGATTGAAAAGCAA,1
GATGCTCTAAAATCCA,1
GATGCTCTATCCACCA,1
GATGTATCCATCAACA,1
GATGTGTCCATCAACT,1
GATGTGTCCATCACCA,1
GATTAACCTATCTAAT,1
GATTAACTGCTATGTT,1
GATTACTCGTTCTCTA,1
GATTTTGAAATGCGTG,1
GATTTTGAGATGCGCG,1
GCAAAAAAAGCGCAAT,1
GCAACACAAACAATTA,1
GCAACACAAACTACTA,1
GCAACACAACCAACTA,1
GCAACACAAGCAACTA,1
GCAACACGAACAACTA,1
GCAACTTTAAGCAAAT,1
GCACAAAAACCGCAAT,1
GCACACCAACCCATCT,1
GCACACTACCCGTTCC,1
GCACTTAAAGAGGTAT,1
GCACTTAGGGAGGTAT,1
GCAGAACCAAAACGCA,1
GCAGAACTAGAACGCA,1
GCAGAACTGAAACGCA,1
GCAGAATTAAAACGCA,1
GCAGCAGCACGAAAAG,1
GCAGCAGGTAACAAGA,1
GCAGGGAAGTTCAAAT,1
GCATACCAATGTCTAC,1
GCATGCTTAGGTTCAC,1
GCATGCTTATGTCCAC,1
GCATGCTTGTGTTCAC,1
GCATTAATGTCACAAC,1
GCATTCATGTCACAAC,1
GCCACACAAACAACTA,1
GCCACTCTACCAAAAA,1
GCCAGTACGAGAAAGA,1
GCCATCAAATAGCAAT,1
GCCATCAACCAGCAAT,1
GCCATCAACGAGCAAT,1
GCCATCACCTAGCAAT,1
GCCATCGACTAGCAAT,1
GCCATGGCCGCCGCCA,1
GCCCAGACACTTATCG,1
GCCCTCCCCATAAATC,1
GCCGAACTCCCACGCA,1
GCCGAAGTGATATTCA,1
GCCGACCAGGTCCATG,1
GCCGACCAGGTTCACG,1
GCCGACCAGGTTCATA,1
GCCGACCAGGTTCATT,1
GCCGACCAGGTTTATG,1
GCCGGCGCACAAATTA,1
GCCGGTGCACAGATTA,1
GCCGGTGCCCAAATTA,1
GCCTACTCGTTCTCTA,1
GCCTAGAGACGGAACA,1
GCCTCCTCACCTTATG,1
GCCTGCTTATGTTCAC,1
GCCTTAGACGAAATGC,1
GCCTTCACATACCCAA,1
GCCTTGGCAGTTGGGC,1
GCCTTGGCCATTGGGC,1
GCGACGGACGTTTGTT,1
GCGAGACCTCCCTCAT,1
GCGATTCACGAGTTGG,1
GCGATTCACGGGTTGG,1
GCGATTCAGGCGTTGG,1
GCGCTGATCCGAAACC,1
GCGCTGATCGGAAACC,1
GCGCTGATCTAAAACC,1
GCGCTGATCTGAAATC,1
GCGCTTCCCGCGTTAG,1
GCGTCGAGCTAAGTTA,1
GCGTGGATGCAACCAC,1
GCGTTAGATGAAATGC,1
GCGTTGCGAAGTCGAC,1
GCGTTTCACGCGTTGG,1
GCTACAATATTTAAAC,1
GCTACCACTGTTTAAA,1
GCTACTAGTGAACCTA,1
GCTACTCTACCAAAGA,1
GCTAGATATAACGCTA,1
GCTAGATGCACCAACT,1
GCTAGGTACAGCTTCT,1
GCTAGGTATAGCTTTT,1
GCTATTCGGCATAACA,1
GCTCACTCGTTCTCTA,1
GCTGAACTAAAACGCA,1
GCTGAAGTGGTATTCA,1
GCTGACCAGGTTCATG,1
GCTGGACATAACGCTA,1
GCTGGATATAACGCAA,1
GCTGGATATAACGTTA,1
GCTGGATATCACGCTA,1
GCTGGATCTACCGCTA,1
GCTGGGTATAACGCTA,1
GCTTACTCGCTCTCTA,1
GCTTACTCGGTCTCTA,1
GCTTACTCGTCCTCTA,1
GCTTAGAGACGGAGCA,1
GCTTAGTTTAATCATT,1
GCTTATTCGTTCTCTA,1
GCTTCCGAACACCACC,1
GCTTCCGAGAACCACC,1
GCTTCCTCACCTTATA,1
GCTTGCTAATGAGAAG,1
GGAAAAAATAGATTAC,1
GGAAAATTGGAGGATA,1
GGAAATATGAAATGAA,1
GGAAGTGCGGTGGTCC,1
GGAAGTGCGTCGGTCC,1
GGAAGTGCGTTGATCC,1
GGAAGTGCGTTGGTTC,1
GGAATACAATTAGTCT,1
GGACGAGTTTACCTAA,1
GGACGTTAATTACCAT,1
GGAGATATGCTTGCTA,1
GGAGATTTTGATCCAG,1
GGAGCAACGAATTACC,1
GGAGCAACGCATTACA,1
GGAGCCCGGGAAGTCC,1
GGAGCCGGGGAAGTCT,1
GGAGCCTGGGAAGTCT,1
GGAGCGACGAATTACA,1
GGAGCGCCTCGAGGCG,1
GGAGCTCTACTTTGCA,1
GGAGGGTTACCCCCGT,1
GGAGGTTTTGACCCAG,1
GGATTAATGTCACAAC,1
GGCGCAACGAATTACA,1
GGCGCTTTTGACCCAG,1
GGCTCTAGCGTAATAC,1
GGGAAAAACTCCCCAA,1
GGGACATCGTAAACAC,1
GGGAGATGCGCTCTGA,1
GGGATAGTACGGGTCA,1
GGGATTTTATATATGA,1
GGGCCACATTATACAA,1
GGGCCACGCTATACAA,1
GGGCCTCGTTATACAA,1
GGGCTCGAGAAGACTT,1
GGGGAACTTGAATACC,1
GGGGATTTTGACCCAG,1
GGGTCCTGATAAGTCA,1
GGGTGGATGCAACCAC,1
GGTACAGAAACAACAA,1
GGTACCAGAACGAAGA,1
GGTATGTCGAGGGCGA,1
GGTCAATATAAAGTTA,1
GGTCAATGTCAAGTTA,1
GGTCACCAATCAAAGT,1
GGTCAGTACATAAGGG,1
GGTGACACAATCACTA,1
GGTGATCAGATTGGCA,1
GGTGGCGTTTACACTA,1
GGTTAATGTAAAGTTA,1
GGTTACCAATAAAAGT,1
GGTTACCAATCAAGGT,1
GGTTAGAAGATGGCTA,1
GGTTAGGAAATGGCTA,1
GGTTCCCACTCAAAGT,1
GTAACAGACATTACAC,1
GTAACGATTTACACTA,1
GTAAGCGTCAACAATA,1
GTAAGCGTTGACAATA,1
GTAAGGTACGAAGAAC,1
GTAAGGTATAAAGAAC,1
GTAAGGTCCAAAGAAC,1
GTACACGATATAACGT,1
GTACGAGACAAACCAA,1
GTACTACCTTTATGGT,1
GTAGCATTACCCATGA,1
GTAGTAAGACTATTGG,1
GTATGTCAACCTGCTA,1
GTATGTCCACGTGCTA,1
GTCAACCGGATTTACA,1
GTCAATGACATGGCTT,1
GTCACACCTTGCCACA,1
GTCAGTGGTAATAAGA,1
GTCATAATCACAGGGT,1
GTCATAATTCTTCCAA,1
GTCCACGACATAACGT,1
GTCCATATGCCCCTAA,1
GTCCCAAGCAAAAGCG,1
GTCCGAATTCTTCCAA,1
GTCCTCCTAATCACGT,1
GTCGTCTCCTTATAGC,1
GTCTGCTAATGAGAAG,1
GTCTGTCAACGTGCTA,1
GTCTTGCCCTTACATC,1
GTGAACTTACAGATTA,1
GTGAGACCTCCCCCAT,1
GTGAGTCCTCCCTCAT,1
GTGATAACCTTATTCG,1
GTGCTGAATCTTAACC,1
GTGCTGACTGTTAACC,1
GTGGTAACCTTATTAG,1
GTGTAACAAAAGGCGA,1
GTGTCGAGCGAAGTTA,1
GTGTCGAGCTGAGTTA,1
GTGTCGCGCTAAGTTA,1
GTGTTGAGCTAAGTTA,1
GTTACAATACTTAAAC,1
GTTACAATAGTTAAAC,1
GTTACACCTTGCCACG,1
GTTACACTTTGCCACA,1
GTTATAAGCCTAAGCC,1
GTTATAGCTACCATCC,1
GTTATTCAGCATAACA,1
GTTATTCGACATAACA,1
GTTATTCGGCATAACG,1
GTTATTCGGCATACCA,1
GTTATTCGGCGTAACA,1
GTTCACAGAAGTACTA,1
GTTCATGGTAAATTGG,1
GTTCCAATATTTAAAC,1
GTTCCTATATATTCAT,1
GTTCGAATAATGCACT,1
GTTCTCAAATACGAAC,1
GTTCTCCTAATCATGT,1
GTTCTCCTACTCACGT,1
GTTCTTTCGTCCGTGC,1
GTTTAAATCTAAGCCA,1
GTTTACAAAAAAGATC,1
GTTTAGAAAATGGCTA,1
GTTTAGAGACGGAACA,1
GTTTAGGTTCTTCCAC,1
GTTTAGGTTGTTCTAC,1
GTTTGCTAAGGAGAAG,1
GTTTGCTAATGAGAAA,1
GTTTGCTAATGAGGAG,1
GTTTGCTACTGAGAAG,1
TAAAAAACGAATGTAA,1
TAAAAAACGCACGTAA,1
TAAAAAACGCATGTAC,1
TAAAAATGATTATTAT,1
TAAAGATAATTATTAT,1
TAAAGGGATCAGCAAA,1
TAAAGGGCTCAACAAA,1
TAAATCCCCGCTTAAC,1
TAACACCTAATACAGA,1
TAACGAATAAAGATAG,1
TAACGGAAAGAAGCTT,1
TAACGGAGAGAAACTT,1
TAACGTTGTAATCCGT,1
TAACGTTGTGATCCAT,1
TAACTCTTCAACAGAA,1
TAACTCTTCAACAGCC,1
TAAGACCGACCGAGAA,1
TAAGGGAAGCATACTC,1
TAAGGGAAGCATAGTA,1
TAAGGGAAGGATACTA,1
TAAGGGCAGCATACTA,1
TAAGGGGAGCATACTA,1
TAAGGTAAGCATACTA,1
TAAGTACTAAAACCTC,1
TAAGTCTGAAGGAGAC,1
TAAGTGCTAAAACCTT,1
TAAGTGCTAAAACTTC,1
TAAGTGCTAAAGCCTC,1
TAATAAACCTCAAAGC,1
TAATAGGGGACTTGGT,1
TAATGAAAATCGAGAA,1
TAATGAACCACAAAGC,1
TAATGAACCGCAAAGC,1
TAATGGAAAGAAACTT,1
TAATGGACCTCAAAGC,1
TAATGGGACAGCCTTA,1
TAATGGGACGGCCTCA,1
TAATGGGATAGCCTCA,1
TACAAAACCGAGAATA,1
TACAACCGAATAATCG,1
TACAAGGACGCGTCAC,1
TACAAGGACGTGTCTC,1
TACACGGACGTGTCAC,1
TACAGACAAAGTCACA,1
TACAGACAATGGCTAG,1
TACAGATAATGGCTAA,1
TACAGATAATGGCTGG,1
TACAGCTCGAATGTAG,1
TACAGGGACGTGTCAC,1
TACAGGGATCAACAAA,1
TACAGTCCGTTTAACC,1
TACATAGTTCGCTCTG,1
TACATTTAAAAAGGGC,1
TACCAGGACGTGTCAC,1
TACCCAATCACACGGC,1
TACCCATGGATACATT,1
TACCCATGGATACCCT,1
TACCCATGGATACGAG,1
TACCCATGGATACGGT,1
TACCCATGGATACGTT,1
TACCGAGAAGAGTGCG,1
TACCGTATACCACGTG,1
TACCGTATACCGTGTG,1
TACCGTATAGCGCGTG,1
TACCTGCATAATCCCA,1
TACGACACAGCTAATA,1
TACGATAATCCCTTAT,1
TACGATAATGCCTTAT,1
TACGATGATTCCTTAT,1
TACGATTACATAACAC,1
TACGCAGTGAGGTAAT,1
TACGGATAATGGCTAG,1
TACGGATCAACGCCAT,1
TACGTGCTAAAACCTC,1
TACTACCTACTGAAAA,1
TACTCCAAAATACCAG,1
TACTGTGTACGTTTCA,1
TACTGTGTCGGTTTCA,1
TACTTACTCCATATTG,1
TACTTATATACCATGA,1
TACTTATATGACATGA,1
TAGAAAAAGCTTAATT,1
TAGACAACAATGAGCT,1
TAGACAACAGTGAGCC,1
TAGACAACAGTTAGCT,1
TAGAGAACAGTGAGCT,1
TAGATTCACTCTTCGC,1
TAGATTTCTATAACCT,1
TAGCCGTGAATCTTAT,1
TAGCTTCACTATTCGC,1
TAGCTTCACTCTTCGC,1
TAGGAATCGTACAATA,1
TAGGCAACAGTGAGCT,1
TAGGGGAAGCATACTA,1
TAGGTCTGAAAGAGAC,1
TAGTAATTTCCGTTAA,1
TAGTAATTTCCGTTAC,1
TAGTAATTTCTGTTAT,1
TAGTAATTTGCGTTAT,1
TAGTCCAACGACCTAA,1
TAGTCCCGGCAATCTT,1
TAGTCCGGATCTAGGA,1
TAGTCGTGAATTTTAT,1
TAGTCTCGGTAATCTT,1
TAGTTCATTGCGGTTA,1
TATAAATGTCTAAAAT,1
TATAACCTTCGCCATA,1
TATAATTATCAGGCTT,1
TATAGACCCAAACAAG,1
TATATTACATATCTAT,1
TATCAAATCCTACAAC,1
TATCAAGAAGAGTGCG,1
TATCAAGTCATACAAC,1
TATCAAGTCCCACAAC,1
TATCAAGTCCTACGAC,1
TATCAAGTTCTACAAC,1
TATCAATAACCAAAAC,1
TATCTAAATAATTCAA,1
TATCTAAATACTTCAA,1
TATCTATTGACAGAAT,1
TATCTGCATAATCCCT,1
TATCTGCATAATCTCA,1
TATCTGCATGATCCCA,1
TATGAAATACCCGGGT,1
TATGAAATACCTGGGC,1
TATGAAGTGGTTGCCG,1
TATGAATACGATAACA,1
TATGACCTCACAGACT,1
TATGACCTCGCAAACT,1
TATGCATACACTTACA,1
TATTAACTACATCATT,1
TATTTAAATAACTCAA,1
TATTTAAATAATTTAA,1
TATTTAGATAATTCAA,1
TATTTGAGTAACCCAC,1
TATTTTGCAGTTGTAG,1
TCAAAAATTTCTCAAA,1
TCAAAACGCCAACTTT,1
TCAAAATTTAAAACCG,1
TCAAACATTTTTCAAA,1
TCAAACTCTAATAGCC,1
TCAACTCCACGAAAAG,1
TCAACTCTACGAAAAA,1
TCAACTCTACGAGAAG,1
TCAACTCTAGGAAAAG,1
TCAACTCTCCGAAAAG,1
TCAACTTTACGAAAAG,1
TCAATGAGTCCCCTAG,1
TCAATGAGTCCTCTGG,1
TCAATTCTACGAAAAG,1
TCAATTTCTCCTATAA,1
TCACACACATAACGAT,1
TCACACTACACCTTAG,1
TCACACTTTAACGCCG,1
TCACCTACCGGCAGAT,1
TCACGAGTAAAGATAG,1
TCACTCATCTAACAAG,1
TCACTGCCTACTTACG,1
TCACTGCCTATTTACA,1
TCAGCACAGAACCATT,1
TCAGCTCTACGAAAAG,1
TCAGGAGCGATGATAC,1
TCAGGGAAGCCTACTA,1
TCATAATGTTAACACG,1
TCATAATGTTAACGTG,1
TCATAATGTTGACATG,1
TCATAGACACGTGACC,1
TCATCATCTTATGCCG,1
TCATCATCTTGTGCTG,1
TCATCTACCCGCAGAT,1
TCATCTACCGGCAGGT,1
TCATCTACCTGCAGAT,1
TCATTAGTCACCACGA,1
TCATTGATATAGAATA,1
TCCAACACTTTATCGA,1
TCCACATATCCCACTC,1
TCCACTGGACTAAACA,1
TCCACTGGGCAAAACA,1
TCCACTGGGCTACACA,1
TCCCAACCAAGATATT,1
TCCCAACGTTCCAAAT,1
TCCCAGATATTAGCCC,1
TCCCAGTAATACTATA,1
TCCCCAATCGCACGGC,1
TCCCCAATTACACGGC,1
TCCCCTTTCATTGTCA,1
TCCCGCGGTAATATGG,1
TCCCGCGGTAATGTGC,1
TCCCGCGGTCATGTGT,1
TCCCGCGGTTATGTGT,1
TCCCGCTAGAAAGCTC,1
TCCCGTGACTATCCCT,1
TCCCGTGATCATCCCT,1
TCCCTCGAATAAGGAT,1
TCCCTGAATCATAGTA,1
TCCCTGCCTACTTACA,1
TCCCTTGAATAAGGGT,1
TCCGACATTGAGACGT,1
TCCGAGAATGCAAATG,1
TCCTAAATAGTTACCT,1
TCCTTAGGATAATTAG,1
TCCTTGAATCATACTA,1
TCGAGAACCATAAAAG,1
TCGAGAACCCTAAAAG,1
TCGATAATGCAAAATA,1
TCGCTTCACTATTCGC,1
TCGGATCAACTTGACG,1
TCGGATCGGCTTGACG,1
TCGGGCGCAGTGAGAT,1
TCGTAATTTCCGTTAT,1
TCGTCACTGCAGAGCT,1
TCGTTACTAACTGAAG,1
TCGTTGTTACCTTACC,1
TCTAAGTAAACCTTAA,1
TCTAATCAGACCGAAA,1
TCTACTCATGGAGGGC,1
TCTAGGAATGACACGC,1
TCTAGGAATGCCACAC,1
TCTAGGAGTGACACAC,1
TCTAGTCAGACCGAAC,1
TCTAGTCAGACCGAAT,1
TCTAGTCAGACCGAGA,1
TCTAGTCAGATCGAAA,1
TCTAGTCAGGCCGAAA,1
TCTCAAGTCCTCCAAC,1
TCTCACACGAGAACCA,1
TCTCAGATACTTAGTC,1
TCTCATCCTACACATG,1
TCTCATTCTCCACATG,1
TCTCGCAATCGGTGTT,1
TCTCGTGATTATCCCT,1
TCTCTTTAGCCTATGG,1
TCTCTTTGGTAGACTG,1
TCTGAATCGGTCGTGG,1
TCTGGGAATGACACAC,1
TCTGGGCCCATACAAC,1
TCTGGTCAGACCGAAA,1
TCTTTCAATGCGAGAG,1
TCTTTCCGTATAAGTA,1
TGAAAGTGTATACAAT,1
TGAACCATGGAGACCG,1
TGAACCATGTAGACAG,1
TGAACCATGTAGACTG,1
TGAACTATGTAGACCG,1
TGAATATTTCCCGTAC,1
TGACAAATTAGTCACT,1
TGACAATACATGAATA,1
TGACCCCAAAGAACTG,1
TGACCCCAAAGAGCTT,1
TGACCCCAAAGGGCTG,1
TGACCCCAACGAGCTG,1
TGACCCCGAAGAGCTG,1
TGACGGAAAGAAACTT,1
TGACTGTAACTACACC,1
TGAGCGAATCTGTATG,1
TGAGCGAATGCGTATG,1
TGAGCGAATGTGTATA,1
TGAGCTAATGTGTATG,1
TGAGTATCAAGCTAGA,1
TGATAATCTGAGTAAA,1
TGATAGGAAACTTGAA,1
TGATAGGAAATTTAAA,1
TGATCCCAAAGAGCTG,1
TGATGTATCACATATA,1
TGCAAGGGCGAAGAAA,1
TGCAAGGGCTAAGAAA,1
TGCACTAAGGGAATGC,1
TGCATTTCTGAACGCC,1
TGCCGATAAGGAAAAA,1
TGCCGATGAGGAAAGA,1
TGCCGATGGGGAAAAA,1
TGCCGTATACCGCGTG,1
TGCGATAATTCCTTAT,1
TGCGCCTTAATTTTCA,1
TGCGGCGATGTGACTA,1
TGCGGGTGGAGTTCCA,1
TGCGTGTGGAGTTTCA,1
TGCTCTACTTAAACAG,1
TGCTGCGATGTGAATA,1
TGCTGCGATGTGACTC,1
TGCTGTACTCAAACAG,1
TGCTGTACTTAACCAG,1
TGCTGTACTTAGACAG,1
TGCTGTGATGTGACTA,1
TGGACCATGTAGACCG,1
TGGACTCTAATGATCA,1
TGGAGATGCGCTCTGA,1
TGGATATTCCCCGTAC,1
TGGATATTTCCTGTAC,1
TGGATTTTTCCCGTAC,1
TGGCAAATTAGCCACT,1
TGGCAAATTAGTCACC,1
TGGCAACGAATCTCAC,1
TGGCAATTACACCCAC,1
TGGCAGTCATTTTTCT,1
TGGCTTCAAAGATTTA,1
TGGGCGAATGTGTATG,1
TGGGGACACAACTCTT,1
TGGTCTCAAAGATTTA,1
TGGTTCCAAAGATTTA,1
TGTAAAAGCAGACAAT,1
TGTAAATGTCTAAAAC,1
TGTAAGGGCCTGACAT,1
TGTACATACCTGATTT,1
TGTACCAGAACAAAGA,1
TGTACCAGTCTATGAC,1
TGTACCAGTCTATGAG,1
TGTACCAGTCTATGGT,1
TGTACCGGTCTATGAT,1
TGTAGAAAAAAGCCCT,1
TGTAGTCGCCAAAAAG,1
TGTATGTACAAATCCT,1
TGTATGTACGAATCCA,1
TGTATGTCCAAATCCA,1
TGTATGTGCAAATCCA,1
TGTATTGAGTGGAACG,1
TGTCGACTTCAAGGTT,1
TGTCGACTTGAAGGTT,1
TGTCGACTTTGAGGTT,1
TGTCGATGCGCTGAGA,1
TGTGCACCATGCCCGA,1
TGTTACCCAGTGACTG,1
TGTTCAGATTCGATGT,1
TGTTGTACTTAAACAG,1
TGTTTACGATTCAGAT,1
TGTTTACGATTTCGAT,1
TGTTTAGATCCGATGT,1
TGTTTAGATTCGCTGT,1
TGTTTTTCCAACGAAA,1
TTAAAAACGCATGTAA,1
TTAAAAGCACCATTAT,1
TTAAAAGCACTATGAT,1
TTAACACGCGGTTACA,1
TTAACGATTTACAAAA,1
TTAAGGGACAAATACG,1
TTAATACCCTTATACA,1
TTAATACGCCGTTACA,1
TTACAAAGTCTAAAGC,1
TTACCATATGAATCCG,1
TTACCTAACCCCAGTA,1
TTACCTGACCCCAATA,1
TTACCTGACCCCAGTG,1
TTACTACTATCTTCAT,1
TTACTCATCTAACGAG,1
TTACTCCCTATCAGTG,1
TTACTGTTAAGGGACA,1
TTAGAGGTTCGCCAAA,1
TTAGAGGTTGGCCAAT,1
TTAGCGGTTCGCCAAT,1
TTAGTGCAACTACTTA,1
TTATCAGTCACCACGA,1
TTATGCACACGTTACG,1
TTATGCACAGGTTACG,1
TTATGCATATGTTACG,1
TTATGTACATGTTACG,1
TTATTACTATTTTCAT,1
TTATTAGGGGGAACAA,1
TTATTAGTCACCATGA,1
TTCAACACTCTATCGA,1
TTCAACACTGTATCGA,1
TTCAATAAATACCAGT,1
TTCAATATATACCATT,1
TTCAATATCTACCAGT,1
TTCACGCTTATCAAAA,1
TTCACTGGGCTAAACA,1
TTCAGAATTCTTCCAA,1
TTCAGTTCAAAATGGA,1
TTCAGTTCAAATTAGA,1
TTCAGTTCAAATTGGG,1
TTCAGTTCAAATTGGT,1
TTCAGTTCAACTTGGA,1
TTCATAGCTACAATCA,1
TTCATCCATTCAAAAT,1
TTCATCCCTATCAGTG,1
TTCATTCATTAAAAAT,1
TTCATTCATTCAAACT,1
TTCCACACTTTATCGA,1
TTCCATATCGTCATTC,1
TTCCCATGATTAATCT,1
TTCCCTGACCCCAGTA,1
TTCCGCCAGAAAGCTC,1
TTCCGTGATTATCCCT,1
TTCCTAAACACAAGTC,1
TTCCTCATCTCACAAG,1
TTCGAATCGCAATACC,1
TTCGAATTGCAATATC,1
TTCTCACTGCAGAGCT,1
TTCTGAACGTTACAAA,1
TTCTTAGGATAATTAT,1
TTCTTTAAGGGATGAG,1
TTGAACCAGAGGTGAA,1
TTGAACCAGCGGTGAA,1
TTGAACCAGTGGTGAG,1
TTGAACCAGTGGTGGA,1
TTGAATAAAATGGGGA,1
TTGAATTAAATGGTGA,1
TTGAATTCAATGGGGA,1
TTGCAATAACCCTAGC,1
TTGCACACATAACGAT,1
TTGCACAGGCTTTGAG,1
TTGCACATAACCAACA,1
TTGCACATAACCACTA,1
TTGCACATAACCCATA,1
TTGCACATAACTAATA,1
TTGCACATAGCCAATA,1
TTGCCACTGCAGAGCT,1
TTGCCGCATGACAAAC,1
TTGCCGTAAAAGTGCT,1
TTGCGACACGATACTG,1
TTGCTCCCCCCGAGAA,1
TTGCTGACGAACTCGG,1
TTGCTGACGAACTGAG,1
TTGCTGACGAGCTCAG,1
TTGCTGACGCACTCAG,1
TTGGAATTCTCTTAAA,1
TTGGAATTCTTTCAAA,1
TTGGACCAGTGGTGAA,1
TTGGACCATCCTAAAT,1
TTGGCAAGGGCGCCAA,1
TTGGTAAGGGCGCCTA,1
TTGGTCCACCAATAAG,1
TTGGTCTCAACAAAAG,1
TTGTACAGGCTATGAG,1
TTGTCACTGCAGAGTT,1
TTGTCACTGCGGAGCT,1
TTGTCACTGCTGAGCT,1
TTGTCACTGGAGAGCT,1
TTGTCATTGCAGAGCT,1
TTTAAAGGCCTCCCCT,1
TTTAAATAACCCTAGC,1
TTTAAATCATATACTT,1
TTTAAGTAAGCCTTAA,1
TTTACCACCAACCATA,1
TTTACCACCAACCGGC,1
TTTATAGCTACAATCG,1
TTTATAGCTCCAATCA,1
TTTCAAGGCCTCCCTT,1
TTTCAAGGCGTCCCCT,1
TTTCACTAAGAGAAAA,1
TTTCAGATACCTAGTC,1
TTTCAGATACTTCGTC,1
TTTCAGATCCTTAGTC,1
TTTCAGTCTGGGTTTT,1
TTTCCCACCAACCAGC,1
TTTCCCCCCAACCAGC,1
TTTCGAATAATGCCCT,1
TTTCGAGGCCTCCCCT,1
TTTCGCTTGCCAGCGA,1
TTTCGCTTGCCGGCGT,1
TTTCTAAACACATGTC,1
TTTCTAGCTACAATCA,1
TTTGACCTTCCGTAAA,1
TTTGTCGTACGACTTA,1
TTTGTCGTACGATTCA,1
TTTGTCGTAGGATTTA,1
TTTGTGCAGCAATCCT,1
TTTGTGCAGCAGTCTT,1
TTTGTGCAGCCATCTT,1
TTTGTGCGGCAATCTT,1
TTTGTGGTACGATTTA,1
TTTGTTAACACCAGTA,1
TTTGTTAACACCCGTG,1
TTTGTTTACACCTGTG,1
TTTTAAGCTCACCAAC,1
TTTTAAGCTTACCGAC,1
TTTTACTAGGAGAAAA,1
TTTTAGGCTTACCAAC,1
TTTTCTTAAAGCAGAA,1
TTTTTTACGGGATGAG,1
